First Name,Last Name,Email
Alex,Johnson,alex.johnson@acmecorp.com
Priya,Patel,priya.patel@lumenanalytics.com
Marcus,Reed,marcus.reed@ironcladsoftware.io
Elena,Garcia,elena.garcia@bluewavefinancial.com
Noah,Kim,noah.kim@atlaslogistics.co
